{"val_loss": [1.1633201907157897, 0.9727007084846496, 0.8941590780258178, 0.8405277326583862, 0.7103567863464355, 0.6901736605644226, 0.8487071071624755, 0.6454473507881164, 0.6310823711395264, 0.6223947540283203, 0.6106340692520141, 0.5824406688690186, 0.5643572984695434, 0.6282680179595947, 0.585195889377594, 0.594445717048645], "val_accuracy": [0.5861999988555908, 0.6484000086784363, 0.680899977684021, 0.7059999704360962, 0.7544000148773193, 0.7628999948501587, 0.7210000157356262, 0.7817000150680542, 0.7831000089645386, 0.7893000245094299, 0.7961000204086304, 0.8022000193595886, 0.8119000196456909, 0.7943000197410583, 0.8040000200271606, 0.8039000034332275], "loss": [1.6318468420028687, 1.1592817699432374, 0.9887746485710144, 0.8858823594284058, 0.801605385017395, 0.7392890252304077, 0.6882690610504151, 0.6403525158309936, 0.5987169659805298, 0.5682685908460617, 0.5335319485473633, 0.4958256427192688, 0.48038010189056396, 0.445578181886673, 0.42052778512954714, 0.40277455502510073], "accuracy": [0.45691999793052673, 0.6000800132751465, 0.657260000705719, 0.6921600103378296, 0.7204399704933167, 0.7411400079727173, 0.7608199715614319, 0.7759400010108948, 0.7900400161743164, 0.7993199825286865, 0.8109800219535828, 0.8255000114440918, 0.8297399878501892, 0.8420000076293945, 0.8506799936294556, 0.8586000204086304]}